Dev1, 1:1, 2:1
Dev2, 1:2, 2:2
Dev3, 1:3, 2:3
Dev4, 1:4, 2:4
Dev5, 1:5, 2:5
Dev6, 1:6, 2:6
Dev7, 1:7, 2:7
Dev8, 1:8, 2:8
Dev9, 1:9, 2:9
Dev10, 1:10, 2:10
Dev11, 1:11, 2:11
Dev12, 1:12, 2:12
Dev13, 1:13, 2:13
Dev14, 1:14, 2:14
Dev15, 1:15, 2:15
Dev16, 1:16, 2:16
Dev17, 1:17, 2:17
Dev18, 1:18, 2:18
Dev19, 1:19, 2:19
Dev20, 1:20, 2:20
Dev21, 1:21, 2:21
Dev22, 1:22, 2:22
Dev23, 1:23, 2:23
Dev24, 1:24, 2:24
Dev25, 1:25, 2:25
Dev26, 1:26, 2:26
Dev27, 1:27, 2:27
Dev28, 1:28, 2:28
Dev29, 1:29, 2:29
Dev30, 1:30, 2:30
Dev31, 1:31, 2:31
Dev32, 1:32, 2:32
Dev33, 1:33, 2:33
Dev34, 1:34, 2:34
Dev35, 1:35, 2:35
Dev36, 1:36, 2:36
Dev37, 1:37, 2:37
Dev38, 1:38, 2:38
Dev39, 1:39, 2:39
Dev40, 1:40, 2:40
Dev41, 1:41, 2:41
Dev42, 1:42, 2:42
Dev43, 1:43, 2:43
Dev44, 1:44, 2:44
Dev45, 1:45, 2:45
Dev46, 1:46, 2:46
Dev47, 1:47, 2:47
Dev48, 1:48, 2:48
